Group,Completion Time,Accuracy (%)
1,0 days 00:06:55.539000,67.85714285714286
2,0 days 00:10:20.586000,57.14285714285714
3,0 days 00:11:16.778000,53.57142857142857
4,0 days 00:08:33.085000,42.857142857142854
5,0 days 00:03:29.265000,50.0
6,0 days 00:10:22.308000,60.71428571428571
7,0 days 00:09:22.773000,44.44444444444444
8,0 days 00:16:34.054000,17.857142857142858
9,0 days 00:07:10.891000,60.71428571428571
10,0 days 00:10:52.171000,50.0
11,0 days 00:08:53.996000,42.857142857142854
